{
    "Ag": {
        "E0": -0.2001398,
        "mag": 1.0
    },
    "Al": {
        "E0": -0.20667396,
        "mag": 1.0
    },
    "Au": {
        "E0": -0.18633645,
        "mag": 1.0
    },
    "Ba": {
        "E0": -0.057397716,
        "mag": -0.0
    },
    "Be": {
        "E0": -0.04365158,
        "mag": -0.0
    },
    "Bi": {
        "E0": -1.3269664,
        "mag": 3.0
    },
    "Ca": {
        "E0": -0.034325323,
        "mag": -0.0
    },
    "Cd": {
        "E0": -0.015770566,
        "mag": 0.0
    },
    "Cr": {
        "E0": -5.4490301,
        "mag": 6.0
    },
    "Cs": {
        "E0": -0.1763054,
        "mag": 1.0
    },
    "Cu": {
        "E0": -0.23653045,
        "mag": 1.0
    },
    "Fe": {
        "E0": -3.0815687,
        "mag": 4.0
    },
    "Ga": {
        "E0": -0.20294334,
        "mag": 1.0
    },
    "Hf": {
        "E0": -3.4987751,
        "mag": 2.0
    },
    "Hg": {
        "E0": -0.012399822,
        "mag": 0.0
    },
    "In": {
        "E0": -0.19324313,
        "mag": 1.0
    },
    "Ir": {
        "E0": -1.5100003,
        "mag": 3.0
    },
    "K": {
        "E0": -0.19655666,
        "mag": 1.0
    },
    "Li": {
        "E0": -0.30236963,
        "mag": 1.0
    },
    "Mg": {
        "E0": -0.011054236,
        "mag": 0.0
    },
    "Mo": {
        "E0": -4.6055208,
        "mag": 6.0
    },
    "Na": {
        "E0": -0.23449854,
        "mag": 1.0
    },
    "Nb": {
        "E0": -3.1631506,
        "mag": 5.0
    },
    "Os": {
        "E0": -2.7922709,
        "mag": 3.9858
    },
    "Pb": {
        "E0": -0.62007634,
        "mag": 2.0
    },
    "Pd": {
        "E0": -1.4774703,
        "mag": 0.0
    },
    "Pt": {
        "E0": -0.56620994,
        "mag": 2.0
    },
    "Rb": {
        "E0": -0.18602909,
        "mag": 1.0
    },
    "Re": {
        "E0": -4.6377632,
        "mag": 5.0
    },
    "Rh": {
        "E0": -1.5365995,
        "mag": 3.0001
    },
    "Ru": {
        "E0": -2.2166673,
        "mag": 3.9999
    },
    "Sn": {
        "E0": -0.66846987,
        "mag": 2.0
    },
    "Sr": {
        "E0": -0.041741433,
        "mag": 0.0001
    },
    "Ta": {
        "E0": -3.7025798,
        "mag": 3.0
    },
    "Tc": {
        "E0": -3.321563,
        "mag": 4.9998
    },
    "Ti": {
        "E0": -2.3996006,
        "mag": 2.4107
    },
    "Tl": {
        "E0": -0.1779235,
        "mag": 1.0
    },
    "V": {
        "E0": -3.6032659,
        "mag": 5.0
    },
    "W": {
        "E0": -4.5739346,
        "mag": 5.9999
    },
    "Y": {
        "E0": -2.1389497,
        "mag": 1.0
    },
    "Zn": {
        "E0": -0.012401236,
        "mag": 0.0
    },
    "Zr": {
        "E0": -2.3432475,
        "mag": 4.0
    }
}